{"v":"5.6.10","fr":"60","ip":0,"op":952,"w":100,"h":4520,"nm":"QQ508342728","ddd":0,"assets":[{"id":"img_0","w":"540","h":"445","u":"images/","p":"img_0.png","e":0},{"id":"img_1","w":"540","h":"445","u":"images/","p":"img_1.png","e":0},{"id":"img_2","w":"540","h":"445","u":"images/","p":"img_2.png","e":0},{"id":"img_3","w":"540","h":"445","u":"images/","p":"img_3.png","e":0},{"id":"img_4","w":"540","h":"445","u":"images/","p":"img_4.png","e":0},{"id":"img_5","w":"540","h":"445","u":"images/","p":"img_5.png","e":0},{"id":"img_6","w":"540","h":"445","u":"images/","p":"img_6.png","e":0},{"id":"img_7","w":"540","h":"445","u":"images/","p":"img_7.png","e":0},{"id":"img_8","w":"540","h":"445","u":"images/","p":"img_8.png","e":0},{"id":"img_9","w":"540","h":"445","u":"images/","p":"img_9.png","e":0},{"id":"img_10","w":"540","h":"445","u":"images/","p":"img_10.png","e":0},{"id":"img_11","w":"540","h":"445","u":"images/","p":"img_11.png","e":0},{"id":"img_12","w":"540","h":"445","u":"images/","p":"img_12.png","e":0},{"id":"img_13","w":"540","h":"445","u":"images/","p":"img_13.png","e":0},{"id":"img_14","w":"540","h":"445","u":"images/","p":"img_14.png","e":0},{"id":"img_15","w":"540","h":"445","u":"images/","p":"img_15.png","e":0},{"id":"img_16","w":"540","h":"445","u":"images/","p":"img_16.png","e":0},{"id":"img_17","w":"540","h":"445","u":"images/","p":"img_17.png","e":0},{"id":"img_18","w":"540","h":"445","u":"images/","p":"img_18.png","e":0},{"id":"img_19","w":"540","h":"445","u":"images/","p":"img_19.png","e":0},{"id":"img_20","w":"540","h":"445","u":"images/","p":"img_20.png","e":0},{"id":"img_21","w":"540","h":"445","u":"images/","p":"img_21.png","e":0},{"id":"img_22","w":"540","h":"445","u":"images/","p":"img_22.png","e":0},{"id":"img_23","w":"540","h":"445","u":"images/","p":"img_23.png","e":0},{"id":"img_24","w":"540","h":"445","u":"images/","p":"img_24.png","e":0},{"id":"img_25","w":"540","h":"445","u":"images/","p":"img_25.png","e":0},{"id":"img_26","w":"540","h":"445","u":"images/","p":"img_26.png","e":0},{"id":"img_27","w":"540","h":"445","u":"images/","p":"img_27.png","e":0},{"id":"img_28","w":"540","h":"445","u":"images/","p":"img_28.png","e":0},{"id":"img_29","w":"540","h":"445","u":"images/","p":"img_29.png","e":0},{"id":"img_30","w":"540","h":"445","u":"images/","p":"img_30.png","e":0},{"id":"img_31","w":"540","h":"445","u":"images/","p":"img_31.png","e":0},{"id":"img_32","w":"540","h":"445","u":"images/","p":"img_32.png","e":0},{"id":"img_33","w":"540","h":"445","u":"images/","p":"img_33.png","e":0},{"id":"img_34","w":"540","h":"445","u":"images/","p":"img_34.png","e":0},{"id":"img_35","w":"540","h":"445","u":"images/","p":"img_35.png","e":0},{"id":"img_36","w":"540","h":"445","u":"images/","p":"img_36.png","e":0},{"id":"img_37","w":"540","h":"445","u":"images/","p":"img_37.png","e":0},{"id":"img_38","w":"540","h":"445","u":"images/","p":"img_38.png","e":0},{"id":"img_39","w":"540","h":"445","u":"images/","p":"img_39.png","e":0},{"id":"img_40","w":"540","h":"445","u":"images/","p":"img_40.png","e":0},{"id":"img_41","w":"540","h":"445","u":"images/","p":"img_41.png","e":0},{"id":"img_42","w":"540","h":"445","u":"images/","p":"img_42.png","e":0},{"id":"img_43","w":"540","h":"445","u":"images/","p":"img_43.png","e":0},{"id":"img_44","w":"540","h":"445","u":"images/","p":"img_44.png","e":0},{"id":"img_45","w":"540","h":"445","u":"images/","p":"img_45.png","e":0},{"id":"img_46","w":"540","h":"445","u":"images/","p":"img_46.png","e":0},{"id":"img_47","w":"540","h":"445","u":"images/","p":"img_47.png","e":0},{"id":"img_48","w":"540","h":"445","u":"images/","p":"img_48.png","e":0},{"id":"img_49","w":"540","h":"445","u":"images/","p":"img_49.png","e":0},{"id":"img_50","w":"540","h":"445","u":"images/","p":"img_50.png","e":0},{"id":"img_51","w":"540","h":"445","u":"images/","p":"img_51.png","e":0},{"id":"img_52","w":"540","h":"445","u":"images/","p":"img_52.png","e":0},{"id":"img_53","w":"540","h":"445","u":"images/","p":"img_53.png","e":0},{"id":"img_54","w":"540","h":"445","u":"images/","p":"img_54.png","e":0},{"id":"img_55","w":"540","h":"445","u":"images/","p":"img_55.png","e":0},{"id":"img_56","w":"540","h":"445","u":"images/","p":"img_56.png","e":0},{"id":"img_57","w":"540","h":"445","u":"images/","p":"img_57.png","e":0},{"id":"img_58","w":"540","h":"445","u":"images/","p":"img_58.png","e":0},{"id":"img_59","w":"540","h":"445","u":"images/","p":"img_59.png","e":0},{"id":"img_60","w":"540","h":"445","u":"images/","p":"img_60.png","e":0},{"id":"img_61","w":"540","h":"445","u":"images/","p":"img_61.png","e":0},{"id":"img_62","w":"540","h":"445","u":"images/","p":"img_62.png","e":0},{"id":"img_63","w":"540","h":"445","u":"images/","p":"img_63.png","e":0},{"id":"img_64","w":"540","h":"445","u":"images/","p":"img_64.png","e":0},{"id":"img_65","w":"540","h":"445","u":"images/","p":"img_65.png","e":0},{"id":"img_66","w":"540","h":"445","u":"images/","p":"img_66.png","e":0},{"id":"img_67","w":"540","h":"445","u":"images/","p":"img_67.png","e":0},{"id":"img_68","w":"540","h":"445","u":"images/","p":"img_68.png","e":0},{"id":"img_69","w":"540","h":"445","u":"images/","p":"img_69.png","e":0},{"id":"img_70","w":"540","h":"445","u":"images/","p":"img_70.png","e":0},{"id":"img_71","w":"540","h":"445","u":"images/","p":"img_71.png","e":0},{"id":"img_72","w":"540","h":"445","u":"images/","p":"img_72.png","e":0},{"id":"img_73","w":"540","h":"445","u":"images/","p":"img_73.png","e":0},{"id":"img_74","w":"540","h":"445","u":"images/","p":"img_74.png","e":0},{"id":"img_75","w":"540","h":"445","u":"images/","p":"img_75.png","e":0},{"id":"img_76","w":"540","h":"445","u":"images/","p":"img_76.png","e":0},{"id":"img_77","w":"540","h":"445","u":"images/","p":"img_77.png","e":0},{"id":"img_78","w":"540","h":"445","u":"images/","p":"img_78.png","e":0},{"id":"img_79","w":"540","h":"445","u":"images/","p":"img_79.png","e":0},{"id":"img_80","w":"540","h":"445","u":"images/","p":"img_80.png","e":0},{"id":"img_81","w":"540","h":"445","u":"images/","p":"img_81.png","e":0},{"id":"img_82","w":"540","h":"445","u":"images/","p":"img_82.png","e":0},{"id":"img_83","w":"540","h":"445","u":"images/","p":"img_83.png","e":0},{"id":"img_84","w":"540","h":"445","u":"images/","p":"img_84.png","e":0},{"id":"img_85","w":"540","h":"445","u":"images/","p":"img_85.png","e":0},{"id":"img_86","w":"540","h":"445","u":"images/","p":"img_86.png","e":0},{"id":"img_87","w":"540","h":"445","u":"images/","p":"img_87.png","e":0},{"id":"img_88","w":"540","h":"445","u":"images/","p":"img_88.png","e":0},{"id":"img_89","w":"540","h":"445","u":"images/","p":"img_89.png","e":0},{"id":"img_90","w":"540","h":"445","u":"images/","p":"img_90.png","e":0},{"id":"img_91","w":"540","h":"445","u":"images/","p":"img_91.png","e":0},{"id":"img_92","w":"540","h":"445","u":"images/","p":"img_92.png","e":0},{"id":"img_93","w":"540","h":"445","u":"images/","p":"img_93.png","e":0},{"id":"img_94","w":"540","h":"445","u":"images/","p":"img_94.png","e":0},{"id":"img_95","w":"540","h":"445","u":"images/","p":"img_95.png","e":0},{"id":"img_96","w":"540","h":"445","u":"images/","p":"img_96.png","e":0},{"id":"img_97","w":"540","h":"445","u":"images/","p":"img_97.png","e":0},{"id":"img_98","w":"540","h":"445","u":"images/","p":"img_98.png","e":0},{"id":"img_99","w":"540","h":"445","u":"images/","p":"img_99.png","e":0},{"id":"img_100","w":"540","h":"445","u":"images/","p":"img_100.png","e":0},{"id":"img_101","w":"540","h":"445","u":"images/","p":"img_101.png","e":0},{"id":"img_102","w":"540","h":"445","u":"images/","p":"img_102.png","e":0},{"id":"img_103","w":"540","h":"445","u":"images/","p":"img_103.png","e":0},{"id":"img_104","w":"540","h":"445","u":"images/","p":"img_104.png","e":0},{"id":"img_105","w":"540","h":"445","u":"images/","p":"img_105.png","e":0},{"id":"img_106","w":"540","h":"445","u":"images/","p":"img_106.png","e":0},{"id":"img_107","w":"540","h":"445","u":"images/","p":"img_107.png","e":0},{"id":"img_108","w":"540","h":"445","u":"images/","p":"img_108.png","e":0},{"id":"img_109","w":"540","h":"445","u":"images/","p":"img_109.png","e":0},{"id":"img_110","w":"540","h":"445","u":"images/","p":"img_110.png","e":0},{"id":"img_111","w":"540","h":"445","u":"images/","p":"img_111.png","e":0},{"id":"img_112","w":"540","h":"445","u":"images/","p":"img_112.png","e":0},{"id":"img_113","w":"540","h":"445","u":"images/","p":"img_113.png","e":0},{"id":"img_114","w":"540","h":"445","u":"images/","p":"img_114.png","e":0},{"id":"img_115","w":"540","h":"445","u":"images/","p":"img_115.png","e":0},{"id":"img_116","w":"540","h":"445","u":"images/","p":"img_116.png","e":0},{"id":"img_117","w":"540","h":"445","u":"images/","p":"img_117.png","e":0},{"id":"img_118","w":"540","h":"445","u":"images/","p":"img_118.png","e":0}],"layers":[{"ddd":0,"ind":1,"ty":2,"nm":"QQ909125644","cl":"png","refId":"img_0","sr":1,"ks":{"o":{"a":0,"k":100,"ix":11},"r":{"a":0,"k":0,"ix":10},"p":{"a":0,"k":[540,1431,0],"ix":2},"a":{"a":0,"k":[89.5,153,0],"ix":1},"s":{"a":0,"k":[100,100,100],"ix":6}},"ao":0,"ip":0,"op":8,"st":0,"bm":0},{"ddd":0,"ind":2,"ty":2,"nm":"QQ909125644","cl":"png","refId":"img_1","sr":1,"ks":{"o":{"a":0,"k":100,"ix":11},"r":{"a":0,"k":0,"ix":10},"p":{"a":0,"k":[540,1431,0],"ix":2},"a":{"a":0,"k":[89.5,153,0],"ix":1},"s":{"a":0,"k":[100,100,100],"ix":6}},"ao":0,"ip":8,"op":16,"st":8,"bm":0},{"ddd":0,"ind":3,"ty":2,"nm":"QQ909125644","cl":"png","refId":"img_2","sr":1,"ks":{"o":{"a":0,"k":100,"ix":11},"r":{"a":0,"k":0,"ix":10},"p":{"a":0,"k":[540,1431,0],"ix":2},"a":{"a":0,"k":[89.5,153,0],"ix":1},"s":{"a":0,"k":[100,100,100],"ix":6}},"ao":0,"ip":16,"op":24,"st":16,"bm":0},{"ddd":0,"ind":4,"ty":2,"nm":"QQ909125644","cl":"png","refId":"img_3","sr":1,"ks":{"o":{"a":0,"k":100,"ix":11},"r":{"a":0,"k":0,"ix":10},"p":{"a":0,"k":[540,1431,0],"ix":2},"a":{"a":0,"k":[89.5,153,0],"ix":1},"s":{"a":0,"k":[100,100,100],"ix":6}},"ao":0,"ip":24,"op":32,"st":24,"bm":0},{"ddd":0,"ind":5,"ty":2,"nm":"QQ909125644","cl":"png","refId":"img_4","sr":1,"ks":{"o":{"a":0,"k":100,"ix":11},"r":{"a":0,"k":0,"ix":10},"p":{"a":0,"k":[540,1431,0],"ix":2},"a":{"a":0,"k":[89.5,153,0],"ix":1},"s":{"a":0,"k":[100,100,100],"ix":6}},"ao":0,"ip":32,"op":40,"st":32,"bm":0},{"ddd":0,"ind":6,"ty":2,"nm":"QQ909125644","cl":"png","refId":"img_5","sr":1,"ks":{"o":{"a":0,"k":100,"ix":11},"r":{"a":0,"k":0,"ix":10},"p":{"a":0,"k":[540,1431,0],"ix":2},"a":{"a":0,"k":[89.5,153,0],"ix":1},"s":{"a":0,"k":[100,100,100],"ix":6}},"ao":0,"ip":40,"op":48,"st":40,"bm":0},{"ddd":0,"ind":7,"ty":2,"nm":"QQ909125644","cl":"png","refId":"img_6","sr":1,"ks":{"o":{"a":0,"k":100,"ix":11},"r":{"a":0,"k":0,"ix":10},"p":{"a":0,"k":[540,1431,0],"ix":2},"a":{"a":0,"k":[89.5,153,0],"ix":1},"s":{"a":0,"k":[100,100,100],"ix":6}},"ao":0,"ip":48,"op":56,"st":48,"bm":0},{"ddd":0,"ind":8,"ty":2,"nm":"QQ909125644","cl":"png","refId":"img_7","sr":1,"ks":{"o":{"a":0,"k":100,"ix":11},"r":{"a":0,"k":0,"ix":10},"p":{"a":0,"k":[540,1431,0],"ix":2},"a":{"a":0,"k":[89.5,153,0],"ix":1},"s":{"a":0,"k":[100,100,100],"ix":6}},"ao":0,"ip":56,"op":64,"st":56,"bm":0},{"ddd":0,"ind":9,"ty":2,"nm":"QQ909125644","cl":"png","refId":"img_8","sr":1,"ks":{"o":{"a":0,"k":100,"ix":11},"r":{"a":0,"k":0,"ix":10},"p":{"a":0,"k":[540,1431,0],"ix":2},"a":{"a":0,"k":[89.5,153,0],"ix":1},"s":{"a":0,"k":[100,100,100],"ix":6}},"ao":0,"ip":64,"op":72,"st":64,"bm":0},{"ddd":0,"ind":10,"ty":2,"nm":"QQ909125644","cl":"png","refId":"img_9","sr":1,"ks":{"o":{"a":0,"k":100,"ix":11},"r":{"a":0,"k":0,"ix":10},"p":{"a":0,"k":[540,1431,0],"ix":2},"a":{"a":0,"k":[89.5,153,0],"ix":1},"s":{"a":0,"k":[100,100,100],"ix":6}},"ao":0,"ip":72,"op":80,"st":72,"bm":0},{"ddd":0,"ind":11,"ty":2,"nm":"QQ909125644","cl":"png","refId":"img_10","sr":1,"ks":{"o":{"a":0,"k":100,"ix":11},"r":{"a":0,"k":0,"ix":10},"p":{"a":0,"k":[540,1431,0],"ix":2},"a":{"a":0,"k":[89.5,153,0],"ix":1},"s":{"a":0,"k":[100,100,100],"ix":6}},"ao":0,"ip":80,"op":88,"st":80,"bm":0},{"ddd":0,"ind":12,"ty":2,"nm":"QQ909125644","cl":"png","refId":"img_11","sr":1,"ks":{"o":{"a":0,"k":100,"ix":11},"r":{"a":0,"k":0,"ix":10},"p":{"a":0,"k":[540,1431,0],"ix":2},"a":{"a":0,"k":[89.5,153,0],"ix":1},"s":{"a":0,"k":[100,100,100],"ix":6}},"ao":0,"ip":88,"op":96,"st":88,"bm":0},{"ddd":0,"ind":13,"ty":2,"nm":"QQ909125644","cl":"png","refId":"img_12","sr":1,"ks":{"o":{"a":0,"k":100,"ix":11},"r":{"a":0,"k":0,"ix":10},"p":{"a":0,"k":[540,1431,0],"ix":2},"a":{"a":0,"k":[89.5,153,0],"ix":1},"s":{"a":0,"k":[100,100,100],"ix":6}},"ao":0,"ip":96,"op":104,"st":96,"bm":0},{"ddd":0,"ind":14,"ty":2,"nm":"QQ909125644","cl":"png","refId":"img_13","sr":1,"ks":{"o":{"a":0,"k":100,"ix":11},"r":{"a":0,"k":0,"ix":10},"p":{"a":0,"k":[540,1431,0],"ix":2},"a":{"a":0,"k":[89.5,153,0],"ix":1},"s":{"a":0,"k":[100,100,100],"ix":6}},"ao":0,"ip":104,"op":112,"st":104,"bm":0},{"ddd":0,"ind":15,"ty":2,"nm":"QQ909125644","cl":"png","refId":"img_14","sr":1,"ks":{"o":{"a":0,"k":100,"ix":11},"r":{"a":0,"k":0,"ix":10},"p":{"a":0,"k":[540,1431,0],"ix":2},"a":{"a":0,"k":[89.5,153,0],"ix":1},"s":{"a":0,"k":[100,100,100],"ix":6}},"ao":0,"ip":112,"op":120,"st":112,"bm":0},{"ddd":0,"ind":16,"ty":2,"nm":"QQ909125644","cl":"png","refId":"img_15","sr":1,"ks":{"o":{"a":0,"k":100,"ix":11},"r":{"a":0,"k":0,"ix":10},"p":{"a":0,"k":[540,1431,0],"ix":2},"a":{"a":0,"k":[89.5,153,0],"ix":1},"s":{"a":0,"k":[100,100,100],"ix":6}},"ao":0,"ip":120,"op":128,"st":120,"bm":0},{"ddd":0,"ind":17,"ty":2,"nm":"QQ909125644","cl":"png","refId":"img_16","sr":1,"ks":{"o":{"a":0,"k":100,"ix":11},"r":{"a":0,"k":0,"ix":10},"p":{"a":0,"k":[540,1431,0],"ix":2},"a":{"a":0,"k":[89.5,153,0],"ix":1},"s":{"a":0,"k":[100,100,100],"ix":6}},"ao":0,"ip":128,"op":136,"st":128,"bm":0},{"ddd":0,"ind":18,"ty":2,"nm":"QQ909125644","cl":"png","refId":"img_17","sr":1,"ks":{"o":{"a":0,"k":100,"ix":11},"r":{"a":0,"k":0,"ix":10},"p":{"a":0,"k":[540,1431,0],"ix":2},"a":{"a":0,"k":[89.5,153,0],"ix":1},"s":{"a":0,"k":[100,100,100],"ix":6}},"ao":0,"ip":136,"op":144,"st":136,"bm":0},{"ddd":0,"ind":19,"ty":2,"nm":"QQ909125644","cl":"png","refId":"img_18","sr":1,"ks":{"o":{"a":0,"k":100,"ix":11},"r":{"a":0,"k":0,"ix":10},"p":{"a":0,"k":[540,1431,0],"ix":2},"a":{"a":0,"k":[89.5,153,0],"ix":1},"s":{"a":0,"k":[100,100,100],"ix":6}},"ao":0,"ip":144,"op":152,"st":144,"bm":0},{"ddd":0,"ind":20,"ty":2,"nm":"QQ909125644","cl":"png","refId":"img_19","sr":1,"ks":{"o":{"a":0,"k":100,"ix":11},"r":{"a":0,"k":0,"ix":10},"p":{"a":0,"k":[540,1431,0],"ix":2},"a":{"a":0,"k":[89.5,153,0],"ix":1},"s":{"a":0,"k":[100,100,100],"ix":6}},"ao":0,"ip":152,"op":160,"st":152,"bm":0},{"ddd":0,"ind":21,"ty":2,"nm":"QQ909125644","cl":"png","refId":"img_20","sr":1,"ks":{"o":{"a":0,"k":100,"ix":11},"r":{"a":0,"k":0,"ix":10},"p":{"a":0,"k":[540,1431,0],"ix":2},"a":{"a":0,"k":[89.5,153,0],"ix":1},"s":{"a":0,"k":[100,100,100],"ix":6}},"ao":0,"ip":160,"op":168,"st":160,"bm":0},{"ddd":0,"ind":22,"ty":2,"nm":"QQ909125644","cl":"png","refId":"img_21","sr":1,"ks":{"o":{"a":0,"k":100,"ix":11},"r":{"a":0,"k":0,"ix":10},"p":{"a":0,"k":[540,1431,0],"ix":2},"a":{"a":0,"k":[89.5,153,0],"ix":1},"s":{"a":0,"k":[100,100,100],"ix":6}},"ao":0,"ip":168,"op":176,"st":168,"bm":0},{"ddd":0,"ind":23,"ty":2,"nm":"QQ909125644","cl":"png","refId":"img_22","sr":1,"ks":{"o":{"a":0,"k":100,"ix":11},"r":{"a":0,"k":0,"ix":10},"p":{"a":0,"k":[540,1431,0],"ix":2},"a":{"a":0,"k":[89.5,153,0],"ix":1},"s":{"a":0,"k":[100,100,100],"ix":6}},"ao":0,"ip":176,"op":184,"st":176,"bm":0},{"ddd":0,"ind":24,"ty":2,"nm":"QQ909125644","cl":"png","refId":"img_23","sr":1,"ks":{"o":{"a":0,"k":100,"ix":11},"r":{"a":0,"k":0,"ix":10},"p":{"a":0,"k":[540,1431,0],"ix":2},"a":{"a":0,"k":[89.5,153,0],"ix":1},"s":{"a":0,"k":[100,100,100],"ix":6}},"ao":0,"ip":184,"op":192,"st":184,"bm":0},{"ddd":0,"ind":25,"ty":2,"nm":"QQ909125644","cl":"png","refId":"img_24","sr":1,"ks":{"o":{"a":0,"k":100,"ix":11},"r":{"a":0,"k":0,"ix":10},"p":{"a":0,"k":[540,1431,0],"ix":2},"a":{"a":0,"k":[89.5,153,0],"ix":1},"s":{"a":0,"k":[100,100,100],"ix":6}},"ao":0,"ip":192,"op":200,"st":192,"bm":0},{"ddd":0,"ind":26,"ty":2,"nm":"QQ909125644","cl":"png","refId":"img_25","sr":1,"ks":{"o":{"a":0,"k":100,"ix":11},"r":{"a":0,"k":0,"ix":10},"p":{"a":0,"k":[540,1431,0],"ix":2},"a":{"a":0,"k":[89.5,153,0],"ix":1},"s":{"a":0,"k":[100,100,100],"ix":6}},"ao":0,"ip":200,"op":208,"st":200,"bm":0},{"ddd":0,"ind":27,"ty":2,"nm":"QQ909125644","cl":"png","refId":"img_26","sr":1,"ks":{"o":{"a":0,"k":100,"ix":11},"r":{"a":0,"k":0,"ix":10},"p":{"a":0,"k":[540,1431,0],"ix":2},"a":{"a":0,"k":[89.5,153,0],"ix":1},"s":{"a":0,"k":[100,100,100],"ix":6}},"ao":0,"ip":208,"op":216,"st":208,"bm":0},{"ddd":0,"ind":28,"ty":2,"nm":"QQ909125644","cl":"png","refId":"img_27","sr":1,"ks":{"o":{"a":0,"k":100,"ix":11},"r":{"a":0,"k":0,"ix":10},"p":{"a":0,"k":[540,1431,0],"ix":2},"a":{"a":0,"k":[89.5,153,0],"ix":1},"s":{"a":0,"k":[100,100,100],"ix":6}},"ao":0,"ip":216,"op":224,"st":216,"bm":0},{"ddd":0,"ind":29,"ty":2,"nm":"QQ909125644","cl":"png","refId":"img_28","sr":1,"ks":{"o":{"a":0,"k":100,"ix":11},"r":{"a":0,"k":0,"ix":10},"p":{"a":0,"k":[540,1431,0],"ix":2},"a":{"a":0,"k":[89.5,153,0],"ix":1},"s":{"a":0,"k":[100,100,100],"ix":6}},"ao":0,"ip":224,"op":232,"st":224,"bm":0},{"ddd":0,"ind":30,"ty":2,"nm":"QQ909125644","cl":"png","refId":"img_29","sr":1,"ks":{"o":{"a":0,"k":100,"ix":11},"r":{"a":0,"k":0,"ix":10},"p":{"a":0,"k":[540,1431,0],"ix":2},"a":{"a":0,"k":[89.5,153,0],"ix":1},"s":{"a":0,"k":[100,100,100],"ix":6}},"ao":0,"ip":232,"op":240,"st":232,"bm":0},{"ddd":0,"ind":31,"ty":2,"nm":"QQ909125644","cl":"png","refId":"img_30","sr":1,"ks":{"o":{"a":0,"k":100,"ix":11},"r":{"a":0,"k":0,"ix":10},"p":{"a":0,"k":[540,1431,0],"ix":2},"a":{"a":0,"k":[89.5,153,0],"ix":1},"s":{"a":0,"k":[100,100,100],"ix":6}},"ao":0,"ip":240,"op":248,"st":240,"bm":0},{"ddd":0,"ind":32,"ty":2,"nm":"QQ909125644","cl":"png","refId":"img_31","sr":1,"ks":{"o":{"a":0,"k":100,"ix":11},"r":{"a":0,"k":0,"ix":10},"p":{"a":0,"k":[540,1431,0],"ix":2},"a":{"a":0,"k":[89.5,153,0],"ix":1},"s":{"a":0,"k":[100,100,100],"ix":6}},"ao":0,"ip":248,"op":256,"st":248,"bm":0},{"ddd":0,"ind":33,"ty":2,"nm":"QQ909125644","cl":"png","refId":"img_32","sr":1,"ks":{"o":{"a":0,"k":100,"ix":11},"r":{"a":0,"k":0,"ix":10},"p":{"a":0,"k":[540,1431,0],"ix":2},"a":{"a":0,"k":[89.5,153,0],"ix":1},"s":{"a":0,"k":[100,100,100],"ix":6}},"ao":0,"ip":256,"op":264,"st":256,"bm":0},{"ddd":0,"ind":34,"ty":2,"nm":"QQ909125644","cl":"png","refId":"img_33","sr":1,"ks":{"o":{"a":0,"k":100,"ix":11},"r":{"a":0,"k":0,"ix":10},"p":{"a":0,"k":[540,1431,0],"ix":2},"a":{"a":0,"k":[89.5,153,0],"ix":1},"s":{"a":0,"k":[100,100,100],"ix":6}},"ao":0,"ip":264,"op":272,"st":264,"bm":0},{"ddd":0,"ind":35,"ty":2,"nm":"QQ909125644","cl":"png","refId":"img_34","sr":1,"ks":{"o":{"a":0,"k":100,"ix":11},"r":{"a":0,"k":0,"ix":10},"p":{"a":0,"k":[540,1431,0],"ix":2},"a":{"a":0,"k":[89.5,153,0],"ix":1},"s":{"a":0,"k":[100,100,100],"ix":6}},"ao":0,"ip":272,"op":280,"st":272,"bm":0},{"ddd":0,"ind":36,"ty":2,"nm":"QQ909125644","cl":"png","refId":"img_35","sr":1,"ks":{"o":{"a":0,"k":100,"ix":11},"r":{"a":0,"k":0,"ix":10},"p":{"a":0,"k":[540,1431,0],"ix":2},"a":{"a":0,"k":[89.5,153,0],"ix":1},"s":{"a":0,"k":[100,100,100],"ix":6}},"ao":0,"ip":280,"op":288,"st":280,"bm":0},{"ddd":0,"ind":37,"ty":2,"nm":"QQ909125644","cl":"png","refId":"img_36","sr":1,"ks":{"o":{"a":0,"k":100,"ix":11},"r":{"a":0,"k":0,"ix":10},"p":{"a":0,"k":[540,1431,0],"ix":2},"a":{"a":0,"k":[89.5,153,0],"ix":1},"s":{"a":0,"k":[100,100,100],"ix":6}},"ao":0,"ip":288,"op":296,"st":288,"bm":0},{"ddd":0,"ind":38,"ty":2,"nm":"QQ909125644","cl":"png","refId":"img_37","sr":1,"ks":{"o":{"a":0,"k":100,"ix":11},"r":{"a":0,"k":0,"ix":10},"p":{"a":0,"k":[540,1431,0],"ix":2},"a":{"a":0,"k":[89.5,153,0],"ix":1},"s":{"a":0,"k":[100,100,100],"ix":6}},"ao":0,"ip":296,"op":304,"st":296,"bm":0},{"ddd":0,"ind":39,"ty":2,"nm":"QQ909125644","cl":"png","refId":"img_38","sr":1,"ks":{"o":{"a":0,"k":100,"ix":11},"r":{"a":0,"k":0,"ix":10},"p":{"a":0,"k":[540,1431,0],"ix":2},"a":{"a":0,"k":[89.5,153,0],"ix":1},"s":{"a":0,"k":[100,100,100],"ix":6}},"ao":0,"ip":304,"op":312,"st":304,"bm":0},{"ddd":0,"ind":40,"ty":2,"nm":"QQ909125644","cl":"png","refId":"img_39","sr":1,"ks":{"o":{"a":0,"k":100,"ix":11},"r":{"a":0,"k":0,"ix":10},"p":{"a":0,"k":[540,1431,0],"ix":2},"a":{"a":0,"k":[89.5,153,0],"ix":1},"s":{"a":0,"k":[100,100,100],"ix":6}},"ao":0,"ip":312,"op":320,"st":312,"bm":0},{"ddd":0,"ind":41,"ty":2,"nm":"QQ909125644","cl":"png","refId":"img_40","sr":1,"ks":{"o":{"a":0,"k":100,"ix":11},"r":{"a":0,"k":0,"ix":10},"p":{"a":0,"k":[540,1431,0],"ix":2},"a":{"a":0,"k":[89.5,153,0],"ix":1},"s":{"a":0,"k":[100,100,100],"ix":6}},"ao":0,"ip":320,"op":328,"st":320,"bm":0},{"ddd":0,"ind":42,"ty":2,"nm":"QQ909125644","cl":"png","refId":"img_41","sr":1,"ks":{"o":{"a":0,"k":100,"ix":11},"r":{"a":0,"k":0,"ix":10},"p":{"a":0,"k":[540,1431,0],"ix":2},"a":{"a":0,"k":[89.5,153,0],"ix":1},"s":{"a":0,"k":[100,100,100],"ix":6}},"ao":0,"ip":328,"op":336,"st":328,"bm":0},{"ddd":0,"ind":43,"ty":2,"nm":"QQ909125644","cl":"png","refId":"img_42","sr":1,"ks":{"o":{"a":0,"k":100,"ix":11},"r":{"a":0,"k":0,"ix":10},"p":{"a":0,"k":[540,1431,0],"ix":2},"a":{"a":0,"k":[89.5,153,0],"ix":1},"s":{"a":0,"k":[100,100,100],"ix":6}},"ao":0,"ip":336,"op":344,"st":336,"bm":0},{"ddd":0,"ind":44,"ty":2,"nm":"QQ909125644","cl":"png","refId":"img_43","sr":1,"ks":{"o":{"a":0,"k":100,"ix":11},"r":{"a":0,"k":0,"ix":10},"p":{"a":0,"k":[540,1431,0],"ix":2},"a":{"a":0,"k":[89.5,153,0],"ix":1},"s":{"a":0,"k":[100,100,100],"ix":6}},"ao":0,"ip":344,"op":352,"st":344,"bm":0},{"ddd":0,"ind":45,"ty":2,"nm":"QQ909125644","cl":"png","refId":"img_44","sr":1,"ks":{"o":{"a":0,"k":100,"ix":11},"r":{"a":0,"k":0,"ix":10},"p":{"a":0,"k":[540,1431,0],"ix":2},"a":{"a":0,"k":[89.5,153,0],"ix":1},"s":{"a":0,"k":[100,100,100],"ix":6}},"ao":0,"ip":352,"op":360,"st":352,"bm":0},{"ddd":0,"ind":46,"ty":2,"nm":"QQ909125644","cl":"png","refId":"img_45","sr":1,"ks":{"o":{"a":0,"k":100,"ix":11},"r":{"a":0,"k":0,"ix":10},"p":{"a":0,"k":[540,1431,0],"ix":2},"a":{"a":0,"k":[89.5,153,0],"ix":1},"s":{"a":0,"k":[100,100,100],"ix":6}},"ao":0,"ip":360,"op":368,"st":360,"bm":0},{"ddd":0,"ind":47,"ty":2,"nm":"QQ909125644","cl":"png","refId":"img_46","sr":1,"ks":{"o":{"a":0,"k":100,"ix":11},"r":{"a":0,"k":0,"ix":10},"p":{"a":0,"k":[540,1431,0],"ix":2},"a":{"a":0,"k":[89.5,153,0],"ix":1},"s":{"a":0,"k":[100,100,100],"ix":6}},"ao":0,"ip":368,"op":376,"st":368,"bm":0},{"ddd":0,"ind":48,"ty":2,"nm":"QQ909125644","cl":"png","refId":"img_47","sr":1,"ks":{"o":{"a":0,"k":100,"ix":11},"r":{"a":0,"k":0,"ix":10},"p":{"a":0,"k":[540,1431,0],"ix":2},"a":{"a":0,"k":[89.5,153,0],"ix":1},"s":{"a":0,"k":[100,100,100],"ix":6}},"ao":0,"ip":376,"op":384,"st":376,"bm":0},{"ddd":0,"ind":49,"ty":2,"nm":"QQ909125644","cl":"png","refId":"img_48","sr":1,"ks":{"o":{"a":0,"k":100,"ix":11},"r":{"a":0,"k":0,"ix":10},"p":{"a":0,"k":[540,1431,0],"ix":2},"a":{"a":0,"k":[89.5,153,0],"ix":1},"s":{"a":0,"k":[100,100,100],"ix":6}},"ao":0,"ip":384,"op":392,"st":384,"bm":0},{"ddd":0,"ind":50,"ty":2,"nm":"QQ909125644","cl":"png","refId":"img_49","sr":1,"ks":{"o":{"a":0,"k":100,"ix":11},"r":{"a":0,"k":0,"ix":10},"p":{"a":0,"k":[540,1431,0],"ix":2},"a":{"a":0,"k":[89.5,153,0],"ix":1},"s":{"a":0,"k":[100,100,100],"ix":6}},"ao":0,"ip":392,"op":400,"st":392,"bm":0},{"ddd":0,"ind":51,"ty":2,"nm":"QQ909125644","cl":"png","refId":"img_50","sr":1,"ks":{"o":{"a":0,"k":100,"ix":11},"r":{"a":0,"k":0,"ix":10},"p":{"a":0,"k":[540,1431,0],"ix":2},"a":{"a":0,"k":[89.5,153,0],"ix":1},"s":{"a":0,"k":[100,100,100],"ix":6}},"ao":0,"ip":400,"op":408,"st":400,"bm":0},{"ddd":0,"ind":52,"ty":2,"nm":"QQ909125644","cl":"png","refId":"img_51","sr":1,"ks":{"o":{"a":0,"k":100,"ix":11},"r":{"a":0,"k":0,"ix":10},"p":{"a":0,"k":[540,1431,0],"ix":2},"a":{"a":0,"k":[89.5,153,0],"ix":1},"s":{"a":0,"k":[100,100,100],"ix":6}},"ao":0,"ip":408,"op":416,"st":408,"bm":0},{"ddd":0,"ind":53,"ty":2,"nm":"QQ909125644","cl":"png","refId":"img_52","sr":1,"ks":{"o":{"a":0,"k":100,"ix":11},"r":{"a":0,"k":0,"ix":10},"p":{"a":0,"k":[540,1431,0],"ix":2},"a":{"a":0,"k":[89.5,153,0],"ix":1},"s":{"a":0,"k":[100,100,100],"ix":6}},"ao":0,"ip":416,"op":424,"st":416,"bm":0},{"ddd":0,"ind":54,"ty":2,"nm":"QQ909125644","cl":"png","refId":"img_53","sr":1,"ks":{"o":{"a":0,"k":100,"ix":11},"r":{"a":0,"k":0,"ix":10},"p":{"a":0,"k":[540,1431,0],"ix":2},"a":{"a":0,"k":[89.5,153,0],"ix":1},"s":{"a":0,"k":[100,100,100],"ix":6}},"ao":0,"ip":424,"op":432,"st":424,"bm":0},{"ddd":0,"ind":55,"ty":2,"nm":"QQ909125644","cl":"png","refId":"img_54","sr":1,"ks":{"o":{"a":0,"k":100,"ix":11},"r":{"a":0,"k":0,"ix":10},"p":{"a":0,"k":[540,1431,0],"ix":2},"a":{"a":0,"k":[89.5,153,0],"ix":1},"s":{"a":0,"k":[100,100,100],"ix":6}},"ao":0,"ip":432,"op":440,"st":432,"bm":0},{"ddd":0,"ind":56,"ty":2,"nm":"QQ909125644","cl":"png","refId":"img_55","sr":1,"ks":{"o":{"a":0,"k":100,"ix":11},"r":{"a":0,"k":0,"ix":10},"p":{"a":0,"k":[540,1431,0],"ix":2},"a":{"a":0,"k":[89.5,153,0],"ix":1},"s":{"a":0,"k":[100,100,100],"ix":6}},"ao":0,"ip":440,"op":448,"st":440,"bm":0},{"ddd":0,"ind":57,"ty":2,"nm":"QQ909125644","cl":"png","refId":"img_56","sr":1,"ks":{"o":{"a":0,"k":100,"ix":11},"r":{"a":0,"k":0,"ix":10},"p":{"a":0,"k":[540,1431,0],"ix":2},"a":{"a":0,"k":[89.5,153,0],"ix":1},"s":{"a":0,"k":[100,100,100],"ix":6}},"ao":0,"ip":448,"op":456,"st":448,"bm":0},{"ddd":0,"ind":58,"ty":2,"nm":"QQ909125644","cl":"png","refId":"img_57","sr":1,"ks":{"o":{"a":0,"k":100,"ix":11},"r":{"a":0,"k":0,"ix":10},"p":{"a":0,"k":[540,1431,0],"ix":2},"a":{"a":0,"k":[89.5,153,0],"ix":1},"s":{"a":0,"k":[100,100,100],"ix":6}},"ao":0,"ip":456,"op":464,"st":456,"bm":0},{"ddd":0,"ind":59,"ty":2,"nm":"QQ909125644","cl":"png","refId":"img_58","sr":1,"ks":{"o":{"a":0,"k":100,"ix":11},"r":{"a":0,"k":0,"ix":10},"p":{"a":0,"k":[540,1431,0],"ix":2},"a":{"a":0,"k":[89.5,153,0],"ix":1},"s":{"a":0,"k":[100,100,100],"ix":6}},"ao":0,"ip":464,"op":472,"st":464,"bm":0},{"ddd":0,"ind":60,"ty":2,"nm":"QQ909125644","cl":"png","refId":"img_59","sr":1,"ks":{"o":{"a":0,"k":100,"ix":11},"r":{"a":0,"k":0,"ix":10},"p":{"a":0,"k":[540,1431,0],"ix":2},"a":{"a":0,"k":[89.5,153,0],"ix":1},"s":{"a":0,"k":[100,100,100],"ix":6}},"ao":0,"ip":472,"op":480,"st":472,"bm":0},{"ddd":0,"ind":61,"ty":2,"nm":"QQ909125644","cl":"png","refId":"img_60","sr":1,"ks":{"o":{"a":0,"k":100,"ix":11},"r":{"a":0,"k":0,"ix":10},"p":{"a":0,"k":[540,1431,0],"ix":2},"a":{"a":0,"k":[89.5,153,0],"ix":1},"s":{"a":0,"k":[100,100,100],"ix":6}},"ao":0,"ip":480,"op":488,"st":480,"bm":0},{"ddd":0,"ind":62,"ty":2,"nm":"QQ909125644","cl":"png","refId":"img_61","sr":1,"ks":{"o":{"a":0,"k":100,"ix":11},"r":{"a":0,"k":0,"ix":10},"p":{"a":0,"k":[540,1431,0],"ix":2},"a":{"a":0,"k":[89.5,153,0],"ix":1},"s":{"a":0,"k":[100,100,100],"ix":6}},"ao":0,"ip":488,"op":496,"st":488,"bm":0},{"ddd":0,"ind":63,"ty":2,"nm":"QQ909125644","cl":"png","refId":"img_62","sr":1,"ks":{"o":{"a":0,"k":100,"ix":11},"r":{"a":0,"k":0,"ix":10},"p":{"a":0,"k":[540,1431,0],"ix":2},"a":{"a":0,"k":[89.5,153,0],"ix":1},"s":{"a":0,"k":[100,100,100],"ix":6}},"ao":0,"ip":496,"op":504,"st":496,"bm":0},{"ddd":0,"ind":64,"ty":2,"nm":"QQ909125644","cl":"png","refId":"img_63","sr":1,"ks":{"o":{"a":0,"k":100,"ix":11},"r":{"a":0,"k":0,"ix":10},"p":{"a":0,"k":[540,1431,0],"ix":2},"a":{"a":0,"k":[89.5,153,0],"ix":1},"s":{"a":0,"k":[100,100,100],"ix":6}},"ao":0,"ip":504,"op":512,"st":504,"bm":0},{"ddd":0,"ind":65,"ty":2,"nm":"QQ909125644","cl":"png","refId":"img_64","sr":1,"ks":{"o":{"a":0,"k":100,"ix":11},"r":{"a":0,"k":0,"ix":10},"p":{"a":0,"k":[540,1431,0],"ix":2},"a":{"a":0,"k":[89.5,153,0],"ix":1},"s":{"a":0,"k":[100,100,100],"ix":6}},"ao":0,"ip":512,"op":520,"st":512,"bm":0},{"ddd":0,"ind":66,"ty":2,"nm":"QQ909125644","cl":"png","refId":"img_65","sr":1,"ks":{"o":{"a":0,"k":100,"ix":11},"r":{"a":0,"k":0,"ix":10},"p":{"a":0,"k":[540,1431,0],"ix":2},"a":{"a":0,"k":[89.5,153,0],"ix":1},"s":{"a":0,"k":[100,100,100],"ix":6}},"ao":0,"ip":520,"op":528,"st":520,"bm":0},{"ddd":0,"ind":67,"ty":2,"nm":"QQ909125644","cl":"png","refId":"img_66","sr":1,"ks":{"o":{"a":0,"k":100,"ix":11},"r":{"a":0,"k":0,"ix":10},"p":{"a":0,"k":[540,1431,0],"ix":2},"a":{"a":0,"k":[89.5,153,0],"ix":1},"s":{"a":0,"k":[100,100,100],"ix":6}},"ao":0,"ip":528,"op":536,"st":528,"bm":0},{"ddd":0,"ind":68,"ty":2,"nm":"QQ909125644","cl":"png","refId":"img_67","sr":1,"ks":{"o":{"a":0,"k":100,"ix":11},"r":{"a":0,"k":0,"ix":10},"p":{"a":0,"k":[540,1431,0],"ix":2},"a":{"a":0,"k":[89.5,153,0],"ix":1},"s":{"a":0,"k":[100,100,100],"ix":6}},"ao":0,"ip":536,"op":544,"st":536,"bm":0},{"ddd":0,"ind":69,"ty":2,"nm":"QQ909125644","cl":"png","refId":"img_68","sr":1,"ks":{"o":{"a":0,"k":100,"ix":11},"r":{"a":0,"k":0,"ix":10},"p":{"a":0,"k":[540,1431,0],"ix":2},"a":{"a":0,"k":[89.5,153,0],"ix":1},"s":{"a":0,"k":[100,100,100],"ix":6}},"ao":0,"ip":544,"op":552,"st":544,"bm":0},{"ddd":0,"ind":70,"ty":2,"nm":"QQ909125644","cl":"png","refId":"img_69","sr":1,"ks":{"o":{"a":0,"k":100,"ix":11},"r":{"a":0,"k":0,"ix":10},"p":{"a":0,"k":[540,1431,0],"ix":2},"a":{"a":0,"k":[89.5,153,0],"ix":1},"s":{"a":0,"k":[100,100,100],"ix":6}},"ao":0,"ip":552,"op":560,"st":552,"bm":0},{"ddd":0,"ind":71,"ty":2,"nm":"QQ909125644","cl":"png","refId":"img_70","sr":1,"ks":{"o":{"a":0,"k":100,"ix":11},"r":{"a":0,"k":0,"ix":10},"p":{"a":0,"k":[540,1431,0],"ix":2},"a":{"a":0,"k":[89.5,153,0],"ix":1},"s":{"a":0,"k":[100,100,100],"ix":6}},"ao":0,"ip":560,"op":568,"st":560,"bm":0},{"ddd":0,"ind":72,"ty":2,"nm":"QQ909125644","cl":"png","refId":"img_71","sr":1,"ks":{"o":{"a":0,"k":100,"ix":11},"r":{"a":0,"k":0,"ix":10},"p":{"a":0,"k":[540,1431,0],"ix":2},"a":{"a":0,"k":[89.5,153,0],"ix":1},"s":{"a":0,"k":[100,100,100],"ix":6}},"ao":0,"ip":568,"op":576,"st":568,"bm":0},{"ddd":0,"ind":73,"ty":2,"nm":"QQ909125644","cl":"png","refId":"img_72","sr":1,"ks":{"o":{"a":0,"k":100,"ix":11},"r":{"a":0,"k":0,"ix":10},"p":{"a":0,"k":[540,1431,0],"ix":2},"a":{"a":0,"k":[89.5,153,0],"ix":1},"s":{"a":0,"k":[100,100,100],"ix":6}},"ao":0,"ip":576,"op":584,"st":576,"bm":0},{"ddd":0,"ind":74,"ty":2,"nm":"QQ909125644","cl":"png","refId":"img_73","sr":1,"ks":{"o":{"a":0,"k":100,"ix":11},"r":{"a":0,"k":0,"ix":10},"p":{"a":0,"k":[540,1431,0],"ix":2},"a":{"a":0,"k":[89.5,153,0],"ix":1},"s":{"a":0,"k":[100,100,100],"ix":6}},"ao":0,"ip":584,"op":592,"st":584,"bm":0},{"ddd":0,"ind":75,"ty":2,"nm":"QQ909125644","cl":"png","refId":"img_74","sr":1,"ks":{"o":{"a":0,"k":100,"ix":11},"r":{"a":0,"k":0,"ix":10},"p":{"a":0,"k":[540,1431,0],"ix":2},"a":{"a":0,"k":[89.5,153,0],"ix":1},"s":{"a":0,"k":[100,100,100],"ix":6}},"ao":0,"ip":592,"op":600,"st":592,"bm":0},{"ddd":0,"ind":76,"ty":2,"nm":"QQ909125644","cl":"png","refId":"img_75","sr":1,"ks":{"o":{"a":0,"k":100,"ix":11},"r":{"a":0,"k":0,"ix":10},"p":{"a":0,"k":[540,1431,0],"ix":2},"a":{"a":0,"k":[89.5,153,0],"ix":1},"s":{"a":0,"k":[100,100,100],"ix":6}},"ao":0,"ip":600,"op":608,"st":600,"bm":0},{"ddd":0,"ind":77,"ty":2,"nm":"QQ909125644","cl":"png","refId":"img_76","sr":1,"ks":{"o":{"a":0,"k":100,"ix":11},"r":{"a":0,"k":0,"ix":10},"p":{"a":0,"k":[540,1431,0],"ix":2},"a":{"a":0,"k":[89.5,153,0],"ix":1},"s":{"a":0,"k":[100,100,100],"ix":6}},"ao":0,"ip":608,"op":616,"st":608,"bm":0},{"ddd":0,"ind":78,"ty":2,"nm":"QQ909125644","cl":"png","refId":"img_77","sr":1,"ks":{"o":{"a":0,"k":100,"ix":11},"r":{"a":0,"k":0,"ix":10},"p":{"a":0,"k":[540,1431,0],"ix":2},"a":{"a":0,"k":[89.5,153,0],"ix":1},"s":{"a":0,"k":[100,100,100],"ix":6}},"ao":0,"ip":616,"op":624,"st":616,"bm":0},{"ddd":0,"ind":79,"ty":2,"nm":"QQ909125644","cl":"png","refId":"img_78","sr":1,"ks":{"o":{"a":0,"k":100,"ix":11},"r":{"a":0,"k":0,"ix":10},"p":{"a":0,"k":[540,1431,0],"ix":2},"a":{"a":0,"k":[89.5,153,0],"ix":1},"s":{"a":0,"k":[100,100,100],"ix":6}},"ao":0,"ip":624,"op":632,"st":624,"bm":0},{"ddd":0,"ind":80,"ty":2,"nm":"QQ909125644","cl":"png","refId":"img_79","sr":1,"ks":{"o":{"a":0,"k":100,"ix":11},"r":{"a":0,"k":0,"ix":10},"p":{"a":0,"k":[540,1431,0],"ix":2},"a":{"a":0,"k":[89.5,153,0],"ix":1},"s":{"a":0,"k":[100,100,100],"ix":6}},"ao":0,"ip":632,"op":640,"st":632,"bm":0},{"ddd":0,"ind":81,"ty":2,"nm":"QQ909125644","cl":"png","refId":"img_80","sr":1,"ks":{"o":{"a":0,"k":100,"ix":11},"r":{"a":0,"k":0,"ix":10},"p":{"a":0,"k":[540,1431,0],"ix":2},"a":{"a":0,"k":[89.5,153,0],"ix":1},"s":{"a":0,"k":[100,100,100],"ix":6}},"ao":0,"ip":640,"op":648,"st":640,"bm":0},{"ddd":0,"ind":82,"ty":2,"nm":"QQ909125644","cl":"png","refId":"img_81","sr":1,"ks":{"o":{"a":0,"k":100,"ix":11},"r":{"a":0,"k":0,"ix":10},"p":{"a":0,"k":[540,1431,0],"ix":2},"a":{"a":0,"k":[89.5,153,0],"ix":1},"s":{"a":0,"k":[100,100,100],"ix":6}},"ao":0,"ip":648,"op":656,"st":648,"bm":0},{"ddd":0,"ind":83,"ty":2,"nm":"QQ909125644","cl":"png","refId":"img_82","sr":1,"ks":{"o":{"a":0,"k":100,"ix":11},"r":{"a":0,"k":0,"ix":10},"p":{"a":0,"k":[540,1431,0],"ix":2},"a":{"a":0,"k":[89.5,153,0],"ix":1},"s":{"a":0,"k":[100,100,100],"ix":6}},"ao":0,"ip":656,"op":664,"st":656,"bm":0},{"ddd":0,"ind":84,"ty":2,"nm":"QQ909125644","cl":"png","refId":"img_83","sr":1,"ks":{"o":{"a":0,"k":100,"ix":11},"r":{"a":0,"k":0,"ix":10},"p":{"a":0,"k":[540,1431,0],"ix":2},"a":{"a":0,"k":[89.5,153,0],"ix":1},"s":{"a":0,"k":[100,100,100],"ix":6}},"ao":0,"ip":664,"op":672,"st":664,"bm":0},{"ddd":0,"ind":85,"ty":2,"nm":"QQ909125644","cl":"png","refId":"img_84","sr":1,"ks":{"o":{"a":0,"k":100,"ix":11},"r":{"a":0,"k":0,"ix":10},"p":{"a":0,"k":[540,1431,0],"ix":2},"a":{"a":0,"k":[89.5,153,0],"ix":1},"s":{"a":0,"k":[100,100,100],"ix":6}},"ao":0,"ip":672,"op":680,"st":672,"bm":0},{"ddd":0,"ind":86,"ty":2,"nm":"QQ909125644","cl":"png","refId":"img_85","sr":1,"ks":{"o":{"a":0,"k":100,"ix":11},"r":{"a":0,"k":0,"ix":10},"p":{"a":0,"k":[540,1431,0],"ix":2},"a":{"a":0,"k":[89.5,153,0],"ix":1},"s":{"a":0,"k":[100,100,100],"ix":6}},"ao":0,"ip":680,"op":688,"st":680,"bm":0},{"ddd":0,"ind":87,"ty":2,"nm":"QQ909125644","cl":"png","refId":"img_86","sr":1,"ks":{"o":{"a":0,"k":100,"ix":11},"r":{"a":0,"k":0,"ix":10},"p":{"a":0,"k":[540,1431,0],"ix":2},"a":{"a":0,"k":[89.5,153,0],"ix":1},"s":{"a":0,"k":[100,100,100],"ix":6}},"ao":0,"ip":688,"op":696,"st":688,"bm":0},{"ddd":0,"ind":88,"ty":2,"nm":"QQ909125644","cl":"png","refId":"img_87","sr":1,"ks":{"o":{"a":0,"k":100,"ix":11},"r":{"a":0,"k":0,"ix":10},"p":{"a":0,"k":[540,1431,0],"ix":2},"a":{"a":0,"k":[89.5,153,0],"ix":1},"s":{"a":0,"k":[100,100,100],"ix":6}},"ao":0,"ip":696,"op":704,"st":696,"bm":0},{"ddd":0,"ind":89,"ty":2,"nm":"QQ909125644","cl":"png","refId":"img_88","sr":1,"ks":{"o":{"a":0,"k":100,"ix":11},"r":{"a":0,"k":0,"ix":10},"p":{"a":0,"k":[540,1431,0],"ix":2},"a":{"a":0,"k":[89.5,153,0],"ix":1},"s":{"a":0,"k":[100,100,100],"ix":6}},"ao":0,"ip":704,"op":712,"st":704,"bm":0},{"ddd":0,"ind":90,"ty":2,"nm":"QQ909125644","cl":"png","refId":"img_89","sr":1,"ks":{"o":{"a":0,"k":100,"ix":11},"r":{"a":0,"k":0,"ix":10},"p":{"a":0,"k":[540,1431,0],"ix":2},"a":{"a":0,"k":[89.5,153,0],"ix":1},"s":{"a":0,"k":[100,100,100],"ix":6}},"ao":0,"ip":712,"op":720,"st":712,"bm":0},{"ddd":0,"ind":91,"ty":2,"nm":"QQ909125644","cl":"png","refId":"img_90","sr":1,"ks":{"o":{"a":0,"k":100,"ix":11},"r":{"a":0,"k":0,"ix":10},"p":{"a":0,"k":[540,1431,0],"ix":2},"a":{"a":0,"k":[89.5,153,0],"ix":1},"s":{"a":0,"k":[100,100,100],"ix":6}},"ao":0,"ip":720,"op":728,"st":720,"bm":0},{"ddd":0,"ind":92,"ty":2,"nm":"QQ909125644","cl":"png","refId":"img_91","sr":1,"ks":{"o":{"a":0,"k":100,"ix":11},"r":{"a":0,"k":0,"ix":10},"p":{"a":0,"k":[540,1431,0],"ix":2},"a":{"a":0,"k":[89.5,153,0],"ix":1},"s":{"a":0,"k":[100,100,100],"ix":6}},"ao":0,"ip":728,"op":736,"st":728,"bm":0},{"ddd":0,"ind":93,"ty":2,"nm":"QQ909125644","cl":"png","refId":"img_92","sr":1,"ks":{"o":{"a":0,"k":100,"ix":11},"r":{"a":0,"k":0,"ix":10},"p":{"a":0,"k":[540,1431,0],"ix":2},"a":{"a":0,"k":[89.5,153,0],"ix":1},"s":{"a":0,"k":[100,100,100],"ix":6}},"ao":0,"ip":736,"op":744,"st":736,"bm":0},{"ddd":0,"ind":94,"ty":2,"nm":"QQ909125644","cl":"png","refId":"img_93","sr":1,"ks":{"o":{"a":0,"k":100,"ix":11},"r":{"a":0,"k":0,"ix":10},"p":{"a":0,"k":[540,1431,0],"ix":2},"a":{"a":0,"k":[89.5,153,0],"ix":1},"s":{"a":0,"k":[100,100,100],"ix":6}},"ao":0,"ip":744,"op":752,"st":744,"bm":0},{"ddd":0,"ind":95,"ty":2,"nm":"QQ909125644","cl":"png","refId":"img_94","sr":1,"ks":{"o":{"a":0,"k":100,"ix":11},"r":{"a":0,"k":0,"ix":10},"p":{"a":0,"k":[540,1431,0],"ix":2},"a":{"a":0,"k":[89.5,153,0],"ix":1},"s":{"a":0,"k":[100,100,100],"ix":6}},"ao":0,"ip":752,"op":760,"st":752,"bm":0},{"ddd":0,"ind":96,"ty":2,"nm":"QQ909125644","cl":"png","refId":"img_95","sr":1,"ks":{"o":{"a":0,"k":100,"ix":11},"r":{"a":0,"k":0,"ix":10},"p":{"a":0,"k":[540,1431,0],"ix":2},"a":{"a":0,"k":[89.5,153,0],"ix":1},"s":{"a":0,"k":[100,100,100],"ix":6}},"ao":0,"ip":760,"op":768,"st":760,"bm":0},{"ddd":0,"ind":97,"ty":2,"nm":"QQ909125644","cl":"png","refId":"img_96","sr":1,"ks":{"o":{"a":0,"k":100,"ix":11},"r":{"a":0,"k":0,"ix":10},"p":{"a":0,"k":[540,1431,0],"ix":2},"a":{"a":0,"k":[89.5,153,0],"ix":1},"s":{"a":0,"k":[100,100,100],"ix":6}},"ao":0,"ip":768,"op":776,"st":768,"bm":0},{"ddd":0,"ind":98,"ty":2,"nm":"QQ909125644","cl":"png","refId":"img_97","sr":1,"ks":{"o":{"a":0,"k":100,"ix":11},"r":{"a":0,"k":0,"ix":10},"p":{"a":0,"k":[540,1431,0],"ix":2},"a":{"a":0,"k":[89.5,153,0],"ix":1},"s":{"a":0,"k":[100,100,100],"ix":6}},"ao":0,"ip":776,"op":784,"st":776,"bm":0},{"ddd":0,"ind":99,"ty":2,"nm":"QQ909125644","cl":"png","refId":"img_98","sr":1,"ks":{"o":{"a":0,"k":100,"ix":11},"r":{"a":0,"k":0,"ix":10},"p":{"a":0,"k":[540,1431,0],"ix":2},"a":{"a":0,"k":[89.5,153,0],"ix":1},"s":{"a":0,"k":[100,100,100],"ix":6}},"ao":0,"ip":784,"op":792,"st":784,"bm":0},{"ddd":0,"ind":100,"ty":2,"nm":"QQ909125644","cl":"png","refId":"img_99","sr":1,"ks":{"o":{"a":0,"k":100,"ix":11},"r":{"a":0,"k":0,"ix":10},"p":{"a":0,"k":[540,1431,0],"ix":2},"a":{"a":0,"k":[89.5,153,0],"ix":1},"s":{"a":0,"k":[100,100,100],"ix":6}},"ao":0,"ip":792,"op":800,"st":792,"bm":0},{"ddd":0,"ind":101,"ty":2,"nm":"QQ909125644","cl":"png","refId":"img_100","sr":1,"ks":{"o":{"a":0,"k":100,"ix":11},"r":{"a":0,"k":0,"ix":10},"p":{"a":0,"k":[540,1431,0],"ix":2},"a":{"a":0,"k":[89.5,153,0],"ix":1},"s":{"a":0,"k":[100,100,100],"ix":6}},"ao":0,"ip":800,"op":808,"st":800,"bm":0},{"ddd":0,"ind":102,"ty":2,"nm":"QQ909125644","cl":"png","refId":"img_101","sr":1,"ks":{"o":{"a":0,"k":100,"ix":11},"r":{"a":0,"k":0,"ix":10},"p":{"a":0,"k":[540,1431,0],"ix":2},"a":{"a":0,"k":[89.5,153,0],"ix":1},"s":{"a":0,"k":[100,100,100],"ix":6}},"ao":0,"ip":808,"op":816,"st":808,"bm":0},{"ddd":0,"ind":103,"ty":2,"nm":"QQ909125644","cl":"png","refId":"img_102","sr":1,"ks":{"o":{"a":0,"k":100,"ix":11},"r":{"a":0,"k":0,"ix":10},"p":{"a":0,"k":[540,1431,0],"ix":2},"a":{"a":0,"k":[89.5,153,0],"ix":1},"s":{"a":0,"k":[100,100,100],"ix":6}},"ao":0,"ip":816,"op":824,"st":816,"bm":0},{"ddd":0,"ind":104,"ty":2,"nm":"QQ909125644","cl":"png","refId":"img_103","sr":1,"ks":{"o":{"a":0,"k":100,"ix":11},"r":{"a":0,"k":0,"ix":10},"p":{"a":0,"k":[540,1431,0],"ix":2},"a":{"a":0,"k":[89.5,153,0],"ix":1},"s":{"a":0,"k":[100,100,100],"ix":6}},"ao":0,"ip":824,"op":832,"st":824,"bm":0},{"ddd":0,"ind":105,"ty":2,"nm":"QQ909125644","cl":"png","refId":"img_104","sr":1,"ks":{"o":{"a":0,"k":100,"ix":11},"r":{"a":0,"k":0,"ix":10},"p":{"a":0,"k":[540,1431,0],"ix":2},"a":{"a":0,"k":[89.5,153,0],"ix":1},"s":{"a":0,"k":[100,100,100],"ix":6}},"ao":0,"ip":832,"op":840,"st":832,"bm":0},{"ddd":0,"ind":106,"ty":2,"nm":"QQ909125644","cl":"png","refId":"img_105","sr":1,"ks":{"o":{"a":0,"k":100,"ix":11},"r":{"a":0,"k":0,"ix":10},"p":{"a":0,"k":[540,1431,0],"ix":2},"a":{"a":0,"k":[89.5,153,0],"ix":1},"s":{"a":0,"k":[100,100,100],"ix":6}},"ao":0,"ip":840,"op":848,"st":840,"bm":0},{"ddd":0,"ind":107,"ty":2,"nm":"QQ909125644","cl":"png","refId":"img_106","sr":1,"ks":{"o":{"a":0,"k":100,"ix":11},"r":{"a":0,"k":0,"ix":10},"p":{"a":0,"k":[540,1431,0],"ix":2},"a":{"a":0,"k":[89.5,153,0],"ix":1},"s":{"a":0,"k":[100,100,100],"ix":6}},"ao":0,"ip":848,"op":856,"st":848,"bm":0},{"ddd":0,"ind":108,"ty":2,"nm":"QQ909125644","cl":"png","refId":"img_107","sr":1,"ks":{"o":{"a":0,"k":100,"ix":11},"r":{"a":0,"k":0,"ix":10},"p":{"a":0,"k":[540,1431,0],"ix":2},"a":{"a":0,"k":[89.5,153,0],"ix":1},"s":{"a":0,"k":[100,100,100],"ix":6}},"ao":0,"ip":856,"op":864,"st":856,"bm":0},{"ddd":0,"ind":109,"ty":2,"nm":"QQ909125644","cl":"png","refId":"img_108","sr":1,"ks":{"o":{"a":0,"k":100,"ix":11},"r":{"a":0,"k":0,"ix":10},"p":{"a":0,"k":[540,1431,0],"ix":2},"a":{"a":0,"k":[89.5,153,0],"ix":1},"s":{"a":0,"k":[100,100,100],"ix":6}},"ao":0,"ip":864,"op":872,"st":864,"bm":0},{"ddd":0,"ind":110,"ty":2,"nm":"QQ909125644","cl":"png","refId":"img_109","sr":1,"ks":{"o":{"a":0,"k":100,"ix":11},"r":{"a":0,"k":0,"ix":10},"p":{"a":0,"k":[540,1431,0],"ix":2},"a":{"a":0,"k":[89.5,153,0],"ix":1},"s":{"a":0,"k":[100,100,100],"ix":6}},"ao":0,"ip":872,"op":880,"st":872,"bm":0},{"ddd":0,"ind":111,"ty":2,"nm":"QQ909125644","cl":"png","refId":"img_110","sr":1,"ks":{"o":{"a":0,"k":100,"ix":11},"r":{"a":0,"k":0,"ix":10},"p":{"a":0,"k":[540,1431,0],"ix":2},"a":{"a":0,"k":[89.5,153,0],"ix":1},"s":{"a":0,"k":[100,100,100],"ix":6}},"ao":0,"ip":880,"op":888,"st":880,"bm":0},{"ddd":0,"ind":112,"ty":2,"nm":"QQ909125644","cl":"png","refId":"img_111","sr":1,"ks":{"o":{"a":0,"k":100,"ix":11},"r":{"a":0,"k":0,"ix":10},"p":{"a":0,"k":[540,1431,0],"ix":2},"a":{"a":0,"k":[89.5,153,0],"ix":1},"s":{"a":0,"k":[100,100,100],"ix":6}},"ao":0,"ip":888,"op":896,"st":888,"bm":0},{"ddd":0,"ind":113,"ty":2,"nm":"QQ909125644","cl":"png","refId":"img_112","sr":1,"ks":{"o":{"a":0,"k":100,"ix":11},"r":{"a":0,"k":0,"ix":10},"p":{"a":0,"k":[540,1431,0],"ix":2},"a":{"a":0,"k":[89.5,153,0],"ix":1},"s":{"a":0,"k":[100,100,100],"ix":6}},"ao":0,"ip":896,"op":904,"st":896,"bm":0},{"ddd":0,"ind":114,"ty":2,"nm":"QQ909125644","cl":"png","refId":"img_113","sr":1,"ks":{"o":{"a":0,"k":100,"ix":11},"r":{"a":0,"k":0,"ix":10},"p":{"a":0,"k":[540,1431,0],"ix":2},"a":{"a":0,"k":[89.5,153,0],"ix":1},"s":{"a":0,"k":[100,100,100],"ix":6}},"ao":0,"ip":904,"op":912,"st":904,"bm":0},{"ddd":0,"ind":115,"ty":2,"nm":"QQ909125644","cl":"png","refId":"img_114","sr":1,"ks":{"o":{"a":0,"k":100,"ix":11},"r":{"a":0,"k":0,"ix":10},"p":{"a":0,"k":[540,1431,0],"ix":2},"a":{"a":0,"k":[89.5,153,0],"ix":1},"s":{"a":0,"k":[100,100,100],"ix":6}},"ao":0,"ip":912,"op":920,"st":912,"bm":0},{"ddd":0,"ind":116,"ty":2,"nm":"QQ909125644","cl":"png","refId":"img_115","sr":1,"ks":{"o":{"a":0,"k":100,"ix":11},"r":{"a":0,"k":0,"ix":10},"p":{"a":0,"k":[540,1431,0],"ix":2},"a":{"a":0,"k":[89.5,153,0],"ix":1},"s":{"a":0,"k":[100,100,100],"ix":6}},"ao":0,"ip":920,"op":928,"st":920,"bm":0},{"ddd":0,"ind":117,"ty":2,"nm":"QQ909125644","cl":"png","refId":"img_116","sr":1,"ks":{"o":{"a":0,"k":100,"ix":11},"r":{"a":0,"k":0,"ix":10},"p":{"a":0,"k":[540,1431,0],"ix":2},"a":{"a":0,"k":[89.5,153,0],"ix":1},"s":{"a":0,"k":[100,100,100],"ix":6}},"ao":0,"ip":928,"op":936,"st":928,"bm":0},{"ddd":0,"ind":118,"ty":2,"nm":"QQ909125644","cl":"png","refId":"img_117","sr":1,"ks":{"o":{"a":0,"k":100,"ix":11},"r":{"a":0,"k":0,"ix":10},"p":{"a":0,"k":[540,1431,0],"ix":2},"a":{"a":0,"k":[89.5,153,0],"ix":1},"s":{"a":0,"k":[100,100,100],"ix":6}},"ao":0,"ip":936,"op":944,"st":936,"bm":0},{"ddd":0,"ind":119,"ty":2,"nm":"QQ909125644","cl":"png","refId":"img_118","sr":1,"ks":{"o":{"a":0,"k":100,"ix":11},"r":{"a":0,"k":0,"ix":10},"p":{"a":0,"k":[540,1431,0],"ix":2},"a":{"a":0,"k":[89.5,153,0],"ix":1},"s":{"a":0,"k":[100,100,100],"ix":6}},"ao":0,"ip":944,"op":952,"st":944,"bm":0}],"markers":[]}